1,"('race', 1.0)"
2,"('age', 0.2686084142394822)","('length_of_stay', 0.5388349514563107)","('priors_count', 0.11003236245954692)","('unrelated_column_one', 0.0825242718446602)"
3,"('age', 0.3333333333333333)","('length_of_stay', 0.18446601941747573)","('priors_count', 0.16990291262135923)","('unrelated_column_one', 0.3122977346278317)"
