1,"('race', 1.0)"
2,"('age', 0.11326860841423948)","('length_of_stay', 0.10679611650485436)","('priors_count', 0.03559870550161812)","('unrelated_column_one', 0.7443365695792881)"
3,"('age', 0.4077669902912621)","('length_of_stay', 0.22815533980582525)","('priors_count', 0.1407766990291262)","('two_year_recid', 0.0016181229773462784)","('unrelated_column_one', 0.22168284789644013)"
