1,"('race', 1.0)"
2,"('age', 0.042071197411003236)","('length_of_stay', 0.2912621359223301)","('priors_count', 0.0372168284789644)","('unrelated_column_one', 0.6294498381877023)"
3,"('age', 0.23948220064724918)","('length_of_stay', 0.22006472491909385)","('priors_count', 0.19902912621359223)","('unrelated_column_one', 0.3414239482200647)"
