1,"('race', 1.0)"
2,"('age', 0.34627831715210355)","('length_of_stay', 0.47896440129449835)","('priors_count', 0.1488673139158576)","('unrelated_column_one', 0.025889967637540454)"
3,"('age', 0.41262135922330095)","('length_of_stay', 0.215210355987055)","('priors_count', 0.1650485436893204)","('unrelated_column_one', 0.20711974110032363)"
