1,"('race', 1.0)"
2,"('age', 0.24757281553398058)","('length_of_stay', 0.3948220064724919)","('priors_count', 0.28640776699029125)","('unrelated_column_one', 0.07119741100323625)"
3,"('age', 0.21844660194174756)","('length_of_stay', 0.18932038834951456)","('priors_count', 0.2297734627831715)","('unrelated_column_one', 0.36245954692556637)"
