1,"('race', 1.0)"
2,"('age', 0.3042071197411003)","('length_of_stay', 0.558252427184466)","('priors_count', 0.13106796116504854)","('unrelated_column_one', 0.0048543689320388345)","('unrelated_column_two', 0.0016181229773462784)"
3,"('age', 0.48381877022653724)","('length_of_stay', 0.19902912621359223)","('priors_count', 0.21197411003236247)","('two_year_recid', 0.0048543689320388345)","('unrelated_column_one', 0.07119741100323625)","('unrelated_column_two', 0.02912621359223301)"
