1,"('race', 1.0)"
2,"('age', 0.3074433656957929)","('priors_count', 0.07281553398058252)","('unrelated_column_one', 0.6197411003236246)"
3,"('age', 0.40129449838187703)","('length_of_stay', 0.012944983818770227)","('priors_count', 0.21359223300970873)","('two_year_recid', 0.011326860841423949)","('unrelated_column_one', 0.36084142394822005)"
