1,"('race', 1.0)"
2,"('age', 0.3559870550161812)","('length_of_stay', 0.441747572815534)","('priors_count', 0.19741100323624594)","('unrelated_column_two', 0.0048543689320388345)"
3,"('age', 0.3284789644012945)","('length_of_stay', 0.23624595469255663)","('priors_count', 0.3883495145631068)","('unrelated_column_one', 0.008090614886731391)","('unrelated_column_two', 0.038834951456310676)"
