1,"('race', 1.0)"
2,"('age', 0.22491909385113268)","('length_of_stay', 0.48058252427184467)","('priors_count', 0.28317152103559873)","('two_year_recid', 0.011326860841423949)"
3,"('age', 0.25728155339805825)","('length_of_stay', 0.16828478964401294)","('priors_count', 0.4741100323624595)","('two_year_recid', 0.0970873786407767)","('unrelated_column_two', 0.003236245954692557)"
