1,"('race', 1.0)"
2,"('age', 0.08090614886731391)","('priors_count', 0.008090614886731391)","('unrelated_column_one', 0.9110032362459547)"
3,"('age', 0.3446601941747573)","('length_of_stay', 0.27184466019417475)","('priors_count', 0.2928802588996764)","('two_year_recid', 0.0016181229773462784)","('unrelated_column_one', 0.0889967637540453)"
