1,"('race', 1.0)"
2,"('age', 0.46440129449838186)","('length_of_stay', 0.12297734627831715)","('priors_count', 0.11326860841423948)","('unrelated_column_one', 0.2993527508090615)"
3,"('age', 0.16828478964401294)","('length_of_stay', 0.18932038834951456)","('priors_count', 0.15048543689320387)","('two_year_recid', 0.024271844660194174)","('unrelated_column_one', 0.46763754045307443)"
