1,"('race', 1.0)"
2,"('age', 0.3640776699029126)","('length_of_stay', 0.34627831715210355)","('priors_count', 0.2815533980582524)","('unrelated_column_one', 0.008090614886731391)"
3,"('age', 0.29449838187702265)","('length_of_stay', 0.2993527508090615)","('priors_count', 0.29449838187702265)","('two_year_recid', 0.0016181229773462784)","('unrelated_column_one', 0.09385113268608414)","('unrelated_column_two', 0.016181229773462782)"
