1,"('race', 1.0)"
2,"('age', 0.33171521035598706)","('priors_count', 0.10355987055016182)","('unrelated_column_one', 0.5647249190938511)"
3,"('age', 0.30906148867313915)","('length_of_stay', 0.009708737864077669)","('priors_count', 0.2993527508090615)","('unrelated_column_one', 0.3818770226537217)"
