1,"('race', 1.0)"
2,"('age', 0.8171521035598706)","('length_of_stay', 0.0016181229773462784)","('priors_count', 0.1796116504854369)","('two_year_recid', 0.0016181229773462784)"
3,"('age', 0.15210355987055016)","('length_of_stay', 0.059870550161812294)","('priors_count', 0.5372168284789643)","('two_year_recid', 0.0889967637540453)","('unrelated_column_one', 0.016181229773462782)","('unrelated_column_two', 0.14563106796116504)"
