1,"('race', 1.0)"
2,"('age', 0.25080906148867316)","('priors_count', 0.05663430420711974)","('unrelated_column_one', 0.6925566343042071)"
3,"('age', 0.558252427184466)","('length_of_stay', 0.009708737864077669)","('priors_count', 0.15210355987055016)","('unrelated_column_one', 0.27993527508090615)"
