1,"('race', 1.0)"
2,"('age', 0.1407766990291262)","('length_of_stay', 0.7346278317152104)","('priors_count', 0.11003236245954692)","('unrelated_column_one', 0.009708737864077669)","('unrelated_column_two', 0.0048543689320388345)"
3,"('age', 0.46116504854368934)","('length_of_stay', 0.02750809061488673)","('priors_count', 0.46440129449838186)","('two_year_recid', 0.0016181229773462784)","('unrelated_column_one', 0.022653721682847898)","('unrelated_column_two', 0.022653721682847898)"
