1,"('unrelated_column_one', 1.0)"
2,"('age', 0.38996763754045305)","('length_of_stay', 0.2168284789644013)","('priors_count', 0.0016181229773462784)","('race', 0.39158576051779936)"
3,"('age', 0.17637540453074432)","('length_of_stay', 0.255663430420712)","('priors_count', 0.06957928802588997)","('race', 0.49838187702265374)"
