1,"('race', 1.0)"
2,"('age', 0.13268608414239483)","('length_of_stay', 0.6537216828478964)","('priors_count', 0.045307443365695796)","('unrelated_column_one', 0.07766990291262135)","('unrelated_column_two', 0.09061488673139159)"
3,"('age', 0.2313915857605178)","('length_of_stay', 0.05016181229773463)","('priors_count', 0.02912621359223301)","('unrelated_column_one', 0.3640776699029126)","('unrelated_column_two', 0.32524271844660196)"
