1,"('race', 1.0)"
2,"('age', 0.3737864077669903)","('length_of_stay', 0.2783171521035599)","('priors_count', 0.34627831715210355)","('unrelated_column_two', 0.0016181229773462784)"
3,"('age', 0.33818770226537215)","('length_of_stay', 0.19579288025889968)","('priors_count', 0.45307443365695793)","('unrelated_column_two', 0.012944983818770227)"
