1,"('race', 1.0)"
2,"('age', 0.313915857605178)","('priors_count', 0.05663430420711974)","('unrelated_column_one', 0.6294498381877023)"
3,"('age', 0.49514563106796117)","('c_charge_degree_M', 0.0016181229773462784)","('length_of_stay', 0.012944983818770227)","('priors_count', 0.13592233009708737)","('unrelated_column_one', 0.35436893203883496)"
