1,"('race', 1.0)"
2,"('age', 0.3802588996763754)","('length_of_stay', 0.4449838187702265)","('priors_count', 0.13915857605177995)","('unrelated_column_one', 0.03559870550161812)"
3,"('age', 0.37702265372168287)","('length_of_stay', 0.2524271844660194)","('priors_count', 0.18122977346278318)","('unrelated_column_one', 0.18932038834951456)"
