1,"('race', 1.0)"
2,"('age', 0.1779935275080906)","('length_of_stay', 0.3058252427184466)","('priors_count', 0.2669902912621359)","('unrelated_column_one', 0.24919093851132687)"
3,"('age', 0.09385113268608414)","('c_charge_degree_M', 0.0016181229773462784)","('length_of_stay', 0.16181229773462782)","('priors_count', 0.3187702265372168)","('unrelated_column_one', 0.42394822006472493)"
