1,"('race', 1.0)"
2,"('age', 0.11003236245954692)","('length_of_stay', 0.14401294498381878)","('priors_count', 0.21197411003236247)","('unrelated_column_one', 0.5339805825242718)"
3,"('age', 0.2022653721682848)","('length_of_stay', 0.215210355987055)","('priors_count', 0.22168284789644013)","('unrelated_column_one', 0.36084142394822005)"
