1,"('race', 1.0)"
2,"('age', 0.038834951456310676)","('length_of_stay', 0.07766990291262135)","('priors_count', 0.0016181229773462784)","('unrelated_column_one', 0.8818770226537217)"
3,"('age', 0.4045307443365696)","('length_of_stay', 0.3559870550161812)","('priors_count', 0.12135922330097088)","('unrelated_column_one', 0.11812297734627832)"
