1,"('unrelated_column_one', 1.0)"
2,"('age', 0.18284789644012944)","('priors_count', 0.024271844660194174)","('race', 0.7928802588996764)"
3,"('age', 0.3333333333333333)","('length_of_stay', 0.3268608414239482)","('priors_count', 0.12459546925566344)","('race', 0.20711974110032363)","('sex_Female', 0.003236245954692557)","('sex_Male', 0.0048543689320388345)"
