1,"('race', 1.0)"
2,"('age', 0.11650485436893204)","('length_of_stay', 0.33495145631067963)","('priors_count', 0.17637540453074432)","('unrelated_column_one', 0.37216828478964403)"
3,"('age', 0.1925566343042071)","('length_of_stay', 0.06957928802588997)","('priors_count', 0.23786407766990292)","('two_year_recid', 0.003236245954692557)","('unrelated_column_one', 0.4967637540453074)"
