1,"('race', 1.0)"
2,"('age', 0.1650485436893204)","('length_of_stay', 0.7362459546925566)","('priors_count', 0.08737864077669903)","('unrelated_column_one', 0.006472491909385114)","('unrelated_column_two', 0.0048543689320388345)"
3,"('age', 0.4741100323624595)","('length_of_stay', 0.025889967637540454)","('priors_count', 0.41423948220064727)","('unrelated_column_one', 0.043689320388349516)","('unrelated_column_two', 0.042071197411003236)"
