1,"('race', 1.0)"
2,"('age', 0.6731391585760518)","('length_of_stay', 0.0048543689320388345)","('priors_count', 0.29449838187702265)","('unrelated_column_two', 0.02750809061488673)"
3,"('age', 0.19093851132686085)","('length_of_stay', 0.06957928802588997)","('priors_count', 0.4854368932038835)","('two_year_recid', 0.0016181229773462784)","('unrelated_column_two', 0.2524271844660194)"
