1,"('race', 1.0)"
2,"('age', 0.32362459546925565)","('length_of_stay', 0.18932038834951456)","('priors_count', 0.46601941747572817)","('unrelated_column_two', 0.021035598705501618)"
3,"('age', 0.11974110032362459)","('length_of_stay', 0.44336569579288027)","('priors_count', 0.2766990291262136)","('unrelated_column_two', 0.16019417475728157)"
