1,"('race', 1.0)"
2,"('age', 0.02750809061488673)","('unrelated_column_one', 0.9724919093851133)"
3,"('age', 0.6618122977346278)","('length_of_stay', 0.1941747572815534)","('priors_count', 0.11165048543689321)","('two_year_recid', 0.0048543689320388345)","('unrelated_column_one', 0.02750809061488673)"
