1,"('race', 1.0)"
2,"('age', 0.24433656957928804)","('length_of_stay', 0.38673139158576053)","('priors_count', 0.32362459546925565)","('unrelated_column_one', 0.045307443365695796)"
3,"('age', 0.24271844660194175)","('length_of_stay', 0.2896440129449838)","('priors_count', 0.15210355987055016)","('two_year_recid', 0.011326860841423949)","('unrelated_column_one', 0.3042071197411003)"
