1,"('race', 1.0)"
2,"('age', 0.5970873786407767)","('length_of_stay', 0.16019417475728157)","('priors_count', 0.22653721682847897)","('two_year_recid', 0.016181229773462782)"
3,"('age', 0.23948220064724918)","('c_charge_degree_M', 0.0048543689320388345)","('length_of_stay', 0.33495145631067963)","('priors_count', 0.2588996763754045)","('two_year_recid', 0.15857605177993528)","('unrelated_column_one', 0.003236245954692557)"
