1,"('unrelated_column_one', 1.0)"
2,"('age', 0.31715210355987056)","('length_of_stay', 0.040453074433656956)","('race', 0.6423948220064725)"
3,"('age', 0.24433656957928804)","('length_of_stay', 0.23948220064724918)","('priors_count', 0.1715210355987055)","('race', 0.343042071197411)","('unrelated_column_two', 0.0016181229773462784)"
