1,"('race', 1.0)"
2,"('age', 0.7588996763754046)","('length_of_stay', 0.0048543689320388345)","('priors_count', 0.22815533980582525)","('two_year_recid', 0.003236245954692557)","('unrelated_column_two', 0.0048543689320388345)"
3,"('age', 0.1488673139158576)","('length_of_stay', 0.05663430420711974)","('priors_count', 0.6521035598705501)","('two_year_recid', 0.05177993527508091)","('unrelated_column_one', 0.0016181229773462784)","('unrelated_column_two', 0.0889967637540453)"
