1,"('race', 1.0)"
2,"('age', 0.33495145631067963)","('length_of_stay', 0.5129449838187702)","('priors_count', 0.1407766990291262)","('unrelated_column_two', 0.011326860841423949)"
3,"('age', 0.37540453074433655)","('length_of_stay', 0.21844660194174756)","('priors_count', 0.2766990291262136)","('unrelated_column_two', 0.12944983818770225)"
