1,"('race', 1.0)"
2,"('age', 0.2912621359223301)","('length_of_stay', 0.5469255663430421)","('priors_count', 0.16019417475728157)","('unrelated_column_two', 0.0016181229773462784)"
3,"('age', 0.33171521035598706)","('length_of_stay', 0.2896440129449838)","('priors_count', 0.35760517799352753)","('unrelated_column_one', 0.006472491909385114)","('unrelated_column_two', 0.014563106796116505)"
