1,"('race', 1.0)"
2,"('age', 0.4029126213592233)","('length_of_stay', 0.43042071197411)","('priors_count', 0.15048543689320387)","('two_year_recid', 0.016181229773462782)"
3,"('age', 0.28317152103559873)","('length_of_stay', 0.28640776699029125)","('priors_count', 0.33495145631067963)","('two_year_recid', 0.09546925566343042)"
