1,"('race', 1.0)"
2,"('age', 0.36893203883495146)","('length_of_stay', 0.42718446601941745)","('priors_count', 0.14563106796116504)","('unrelated_column_one', 0.05825242718446602)"
3,"('age', 0.23948220064724918)","('length_of_stay', 0.23948220064724918)","('priors_count', 0.23948220064724918)","('two_year_recid', 0.0016181229773462784)","('unrelated_column_one', 0.27993527508090615)"
