1,"('race', 1.0)"
2,"('age', 0.43042071197411)","('length_of_stay', 0.04854368932038835)","('priors_count', 0.19579288025889968)","('unrelated_column_one', 0.32524271844660196)"
3,"('age', 0.3333333333333333)","('length_of_stay', 0.021035598705501618)","('priors_count', 0.1715210355987055)","('two_year_recid', 0.0048543689320388345)","('unrelated_column_one', 0.4692556634304207)"
