1,"('race', 1.0)"
2,"('age', 0.616504854368932)","('length_of_stay', 0.059870550161812294)","('priors_count', 0.31715210355987056)","('unrelated_column_one', 0.003236245954692557)","('unrelated_column_two', 0.003236245954692557)"
3,"('age', 0.20711974110032363)","('c_charge_degree_F', 0.0016181229773462784)","('c_charge_degree_M', 0.0016181229773462784)","('length_of_stay', 0.2686084142394822)","('priors_count', 0.3964401294498382)","('sex_Female', 0.0016181229773462784)","('two_year_recid', 0.0016181229773462784)","('unrelated_column_one', 0.061488673139158574)","('unrelated_column_two', 0.059870550161812294)"
