1,"('race', 1.0)"
2,"('age', 0.26537216828478966)","('length_of_stay', 0.42880258899676377)","('priors_count', 0.2669902912621359)","('unrelated_column_one', 0.038834951456310676)"
3,"('age', 0.33818770226537215)","('length_of_stay', 0.11650485436893204)","('priors_count', 0.3058252427184466)","('two_year_recid', 0.008090614886731391)","('unrelated_column_one', 0.2313915857605178)"
