1,"('race', 1.0)"
2,"('age', 0.27184466019417475)","('length_of_stay', 0.36084142394822005)","('priors_count', 0.3656957928802589)","('unrelated_column_one', 0.0016181229773462784)"
3,"('age', 0.14563106796116504)","('length_of_stay', 0.3414239482200647)","('priors_count', 0.45145631067961167)","('unrelated_column_one', 0.05825242718446602)","('unrelated_column_two', 0.003236245954692557)"
