1,"('race', 1.0)"
2,"('age', 0.10517799352750809)","('length_of_stay', 0.04692556634304207)","('priors_count', 0.08090614886731391)","('unrelated_column_one', 0.7669902912621359)"
3,"('age', 0.2313915857605178)","('length_of_stay', 0.23462783171521034)","('priors_count', 0.3300970873786408)","('unrelated_column_one', 0.20388349514563106)"
