1,"('race', 1.0)"
2,"('age', 0.17637540453074432)","('length_of_stay', 0.17637540453074432)","('priors_count', 0.4336569579288026)","('unrelated_column_one', 0.21359223300970873)"
3,"('age', 0.05663430420711974)","('c_charge_degree_F', 0.0016181229773462784)","('c_charge_degree_M', 0.0016181229773462784)","('length_of_stay', 0.13268608414239483)","('priors_count', 0.2912621359223301)","('two_year_recid', 0.0016181229773462784)","('unrelated_column_one', 0.5129449838187702)","('unrelated_column_two', 0.0016181229773462784)"
