1,"('race', 1.0)"
2,"('age', 0.5922330097087378)","('length_of_stay', 0.07766990291262135)","('priors_count', 0.3284789644012945)","('unrelated_column_one', 0.0016181229773462784)"
3,"('age', 0.23624595469255663)","('length_of_stay', 0.21035598705501618)","('priors_count', 0.5161812297734628)","('two_year_recid', 0.006472491909385114)","('unrelated_column_one', 0.012944983818770227)","('unrelated_column_two', 0.01779935275080906)"
