1,"('race', 1.0)"
2,"('age', 0.5889967637540453)","('length_of_stay', 0.042071197411003236)","('priors_count', 0.3640776699029126)","('unrelated_column_one', 0.003236245954692557)","('unrelated_column_two', 0.0016181229773462784)"
3,"('age', 0.2459546925566343)","('c_charge_degree_M', 0.003236245954692557)","('length_of_stay', 0.14563106796116504)","('priors_count', 0.5048543689320388)","('unrelated_column_one', 0.06796116504854369)","('unrelated_column_two', 0.032362459546925564)"
