1,"('race', 1.0)"
2,"('age', 0.37702265372168287)","('length_of_stay', 0.3122977346278317)","('priors_count', 0.3106796116504854)"
3,"('age', 0.2540453074433657)","('length_of_stay', 0.22330097087378642)","('priors_count', 0.4919093851132686)","('unrelated_column_one', 0.0048543689320388345)","('unrelated_column_two', 0.025889967637540454)"
