1,"('race', 1.0)"
2,"('age', 0.08090614886731391)","('priors_count', 0.003236245954692557)","('unrelated_column_one', 0.9158576051779935)"
3,"('age', 0.18770226537216828)","('length_of_stay', 0.19741100323624594)","('priors_count', 0.1715210355987055)","('unrelated_column_one', 0.0825242718446602)","('unrelated_column_two', 0.36084142394822005)"
