1,"('race', 1.0)"
2,"('age', 0.6003236245954693)","('length_of_stay', 0.2669902912621359)","('priors_count', 0.11974110032362459)","('unrelated_column_one', 0.0048543689320388345)","('unrelated_column_two', 0.008090614886731391)"
3,"('age', 0.18284789644012944)","('length_of_stay', 0.43527508090614886)","('priors_count', 0.3559870550161812)","('unrelated_column_one', 0.01779935275080906)","('unrelated_column_two', 0.008090614886731391)"
