1,"('unrelated_column_one', 1.0)"
2,"('age', 0.1488673139158576)","('length_of_stay', 0.20388349514563106)","('priors_count', 0.008090614886731391)","('race', 0.63915857605178)"
3,"('age', 0.3640776699029126)","('length_of_stay', 0.21197411003236247)","('priors_count', 0.09385113268608414)","('race', 0.3187702265372168)","('two_year_recid', 0.011326860841423949)"
