1,"('race', 1.0)"
2,"('age', 0.2766990291262136)","('length_of_stay', 0.05825242718446602)","('priors_count', 0.10194174757281553)","('unrelated_column_one', 0.5631067961165048)"
3,"('age', 0.1488673139158576)","('length_of_stay', 0.02912621359223301)","('priors_count', 0.3964401294498382)","('unrelated_column_one', 0.35760517799352753)","('unrelated_column_two', 0.06796116504854369)"
