1,"('race', 1.0)"
2,"('age', 0.3640776699029126)","('length_of_stay', 0.2896440129449838)","('priors_count', 0.1779935275080906)","('unrelated_column_one', 0.16828478964401294)"
3,"('age', 0.2766990291262136)","('length_of_stay', 0.15210355987055016)","('priors_count', 0.16019417475728157)","('two_year_recid', 0.003236245954692557)","('unrelated_column_one', 0.4077669902912621)"
