1,"('unrelated_column_one', 1.0)"
2,"('age', 0.008090614886731391)","('race', 0.9919093851132686)"
3,"('age', 0.3818770226537217)","('length_of_stay', 0.343042071197411)","('priors_count', 0.2669902912621359)","('race', 0.008090614886731391)"
