1,"('race', 1.0)"
2,"('age', 0.6618122977346278)","('length_of_stay', 0.1343042071197411)","('priors_count', 0.16828478964401294)","('two_year_recid', 0.0016181229773462784)","('unrelated_column_one', 0.0048543689320388345)","('unrelated_column_two', 0.02912621359223301)"
3,"('age', 0.19579288025889968)","('length_of_stay', 0.3592233009708738)","('priors_count', 0.255663430420712)","('two_year_recid', 0.045307443365695796)","('unrelated_column_one', 0.02912621359223301)","('unrelated_column_two', 0.11488673139158576)"
