1,"('race', 1.0)"
2,"('age', 0.014563106796116505)","('length_of_stay', 0.19741100323624594)","('priors_count', 0.006472491909385114)","('unrelated_column_one', 0.7815533980582524)"
3,"('age', 0.35275080906148865)","('length_of_stay', 0.21359223300970873)","('priors_count', 0.06957928802588997)","('unrelated_column_one', 0.21197411003236247)","('unrelated_column_two', 0.15210355987055016)"
