1,"('race', 1.0)"
2,"('age', 0.5550161812297735)","('length_of_stay', 0.34951456310679613)","('priors_count', 0.09061488673139159)","('unrelated_column_one', 0.003236245954692557)","('unrelated_column_two', 0.0016181229773462784)"
3,"('age', 0.3284789644012945)","('length_of_stay', 0.3592233009708738)","('priors_count', 0.25080906148867316)","('two_year_recid', 0.0048543689320388345)","('unrelated_column_one', 0.043689320388349516)","('unrelated_column_two', 0.012944983818770227)"
