1,"('race', 1.0)"
2,"('age', 0.11650485436893204)","('length_of_stay', 0.2669902912621359)","('priors_count', 0.13106796116504854)","('unrelated_column_one', 0.4854368932038835)"
3,"('age', 0.0825242718446602)","('length_of_stay', 0.2669902912621359)","('priors_count', 0.08737864077669903)","('unrelated_column_one', 0.4077669902912621)","('unrelated_column_two', 0.1553398058252427)"
