1,"('race', 1.0)"
2,"('age', 0.4255663430420712)","('length_of_stay', 0.02912621359223301)","('priors_count', 0.2605177993527508)","('unrelated_column_one', 0.284789644012945)"
3,"('age', 0.19093851132686085)","('length_of_stay', 0.10355987055016182)","('priors_count', 0.1925566343042071)","('two_year_recid', 0.019417475728155338)","('unrelated_column_one', 0.4935275080906149)"
