1,"('race', 1.0)"
2,"('age', 0.5097087378640777)","('length_of_stay', 0.34951456310679613)","('priors_count', 0.13754045307443366)","('unrelated_column_two', 0.003236245954692557)"
3,"('age', 0.35275080906148865)","('length_of_stay', 0.34951456310679613)","('priors_count', 0.2815533980582524)","('unrelated_column_one', 0.014563106796116505)","('unrelated_column_two', 0.0016181229773462784)"
