1,"('race', 1.0)"
2,"('age', 0.39158576051779936)","('length_of_stay', 0.07766990291262135)","('priors_count', 0.5161812297734628)","('unrelated_column_one', 0.014563106796116505)"
3,"('age', 0.5161812297734628)","('length_of_stay', 0.18284789644012944)","('priors_count', 0.11812297734627832)","('sex_Female', 0.0048543689320388345)","('unrelated_column_one', 0.1779935275080906)"
