1,"('race', 1.0)"
2,"('age', 0.05177993527508091)","('unrelated_column_one', 0.948220064724919)"
3,"('age', 0.5161812297734628)","('length_of_stay', 0.043689320388349516)","('priors_count', 0.3656957928802589)","('unrelated_column_one', 0.05177993527508091)","('unrelated_column_two', 0.022653721682847898)"
