1,"('race', 1.0)"
2,"('age', 0.6715210355987055)","('length_of_stay', 0.10355987055016182)","('priors_count', 0.2087378640776699)","('unrelated_column_one', 0.003236245954692557)","('unrelated_column_two', 0.012944983818770227)"
3,"('age', 0.18608414239482202)","('length_of_stay', 0.35760517799352753)","('priors_count', 0.2783171521035599)","('unrelated_column_one', 0.04854368932038835)","('unrelated_column_two', 0.12944983818770225)"
