1,"('race', 1.0)"
2,"('age', 0.003236245954692557)","('unrelated_column_one', 0.9967637540453075)"
3,"('age', 0.5744336569579288)","('length_of_stay', 0.36084142394822005)","('priors_count', 0.061488673139158574)","('unrelated_column_one', 0.003236245954692557)"
