1,"('race', 1.0)"
2,"('age', 0.13268608414239483)","('length_of_stay', 0.05016181229773463)","('priors_count', 0.032362459546925564)","('unrelated_column_one', 0.7847896440129449)"
3,"('age', 0.28802588996763756)","('length_of_stay', 0.26375404530744334)","('priors_count', 0.24919093851132687)","('unrelated_column_one', 0.19902912621359223)"
