1,"('race', 1.0)"
2,"('age', 0.5647249190938511)","('length_of_stay', 0.1553398058252427)","('priors_count', 0.2686084142394822)","('unrelated_column_one', 0.009708737864077669)","('unrelated_column_two', 0.0016181229773462784)"
3,"('age', 0.2605177993527508)","('length_of_stay', 0.32038834951456313)","('priors_count', 0.2896440129449838)","('two_year_recid', 0.003236245954692557)","('unrelated_column_one', 0.05663430420711974)","('unrelated_column_two', 0.06957928802588997)"
