1,"('race', 1.0)"
2,"('age', 0.5372168284789643)","('length_of_stay', 0.11488673139158576)","('priors_count', 0.32524271844660196)","('unrelated_column_one', 0.008090614886731391)","('unrelated_column_two', 0.014563106796116505)"
3,"('age', 0.2459546925566343)","('length_of_stay', 0.2297734627831715)","('priors_count', 0.3187702265372168)","('unrelated_column_one', 0.0889967637540453)","('unrelated_column_two', 0.11650485436893204)"
