1,"('race', 1.0)"
2,"('age', 0.3122977346278317)","('length_of_stay', 0.32038834951456313)","('priors_count', 0.3592233009708738)","('unrelated_column_two', 0.008090614886731391)"
3,"('age', 0.33171521035598706)","('length_of_stay', 0.2297734627831715)","('priors_count', 0.3640776699029126)","('sex_Female', 0.0016181229773462784)","('sex_Male', 0.003236245954692557)","('two_year_recid', 0.006472491909385114)","('unrelated_column_two', 0.06310679611650485)"
