1,"('race', 1.0)"
2,"('unrelated_column_one', 1.0)"
3,"('age', 0.6326860841423948)","('length_of_stay', 0.02750809061488673)","('priors_count', 0.33818770226537215)","('sex_Female', 0.0016181229773462784)"
