1,"('race', 1.0)"
2,"('age', 0.003236245954692557)","('unrelated_column_one', 0.9967637540453075)"
3,"('age', 0.4886731391585761)","('length_of_stay', 0.25080906148867316)","('priors_count', 0.255663430420712)","('two_year_recid', 0.0016181229773462784)","('unrelated_column_one', 0.003236245954692557)"
