1,"('race', 1.0)"
2,"('age', 0.16666666666666666)","('length_of_stay', 0.6650485436893204)","('priors_count', 0.1634304207119741)","('unrelated_column_one', 0.0048543689320388345)"
3,"('age', 0.4692556634304207)","('length_of_stay', 0.127831715210356)","('priors_count', 0.32524271844660196)","('unrelated_column_one', 0.07766990291262135)"
